Word,Panned1,Panned2,Panned3,Panned4,Panned5,Panned6,Category
كورونا,فيروس,كوفيد19,حرارة,كحة,وباء,مرض,ثقافة عامة
المد و الجزر,بحر,قمر,جاذبية,محيط,حجامة,انحسار,ثقافة عامة
القطب الشمالي,ثلج,جليد,الدب,تجمد,برد,أرض,ثقافة عامة
التبخر,حرارة,ماء,غليان,درجة,سائل,بحر,ثقافة عامة
التجمد,درجة,برودة,صفر,ثلج,فريزر,سائل,ثقافة عامة
الزلزال,بركان,رختر,ناصر الشمراني,اهتزاز,أرض,كارثة,ثقافة عامة
البركان,زلزال,لافا,انفجار,دخان,جبل,كارثة,ثقافة عامة
المطر,سحاب,ماء,سماء,برق,رعد,غيم,ثقافة عامة
شبه الجزيرة,العربية,ماء ,يابس,قطر,جهات,بحر,ثقافة عامة
درجة الغليان,تجمد,ماء,سائل,تبخر,حرارة,شاي,ثقافة عامة
قانون فيثاغورس,رياضايات,جبر,عالم,حساب,مثلثات,زاوية,ثقافة عامة
بوينج,طيران,سفر,مطار,ركاب,ايرباص,الخطوط,ثقافة عامة
DVD,CD,كمبيوتر,ميجا,جيجا,أفلام,قديم,ثقافة عامة
CD,DVD,كمبيوتر,ميجا,جيجا,برامج,قديم,ثقافة عامة
شاحن متنقل,ليثيوم,USB,جوال,بطارية,سلك,جهاز,ثقافة عامة
سماعات بلوتوث,جوال,بدون سلك,صوت,اتصال,اذن,أغنية,ثقافة عامة
الجاذبية,نيوتن,تفاحة,الأرض,التوازن,9.18,قانون,ثقافة عامة
العمود الفقري,عظام,طهر,هيكل,الحبل الشوكي,جسم الانسان,انزلاق غضروفي ,ثقافة عامة
القلب,جسد الانسان,الدم,الوريد,الشريان,الحب,مضخة,ثقافة عامة
رئة المدخن,تنفس,وردي,شيشة,تدخين,هواء,أنف,ثقافة عامة
سرير دورين,نوم,فوق,تحت,غرفة,إخوان,توأم,ثقافة عامة
حقيبة لابتوب,شنطة,جهاز,دوام عن بعد,عمل,تحمي,سحاب,ثقافة عامة
لابتوب,جهاز,محمول,كمبيوتر,دوام عن بعد,عمل,إيميل,ثقافة عامة
شواية,لحم,دجاج,فحم,جمر,نار,برجر,ثقافة عامة
بروجكتر,افلام,سينما,فشار,مسلسلات,ناتشوز,ظلام,ثقافة عامة
ماجلان,عالم,الكرة الأرضية,أمريكا,رحالة,سفينة,فلبين,ثقافة عامة
الكرة الأرضية,كوكب,عالم,الشمس,جاذبية,إنسان,قمر,ثقافة عامة
آسيا,قارة,دول,اليابان,السعودية,الصين,الخليج,ثقافة عامة
أطلس,دول,جغرافيا,تاريخ,معلومات,صور,خرائط,ثقافة عامة
بترول,أرامكو,سابك,حفر,بنزين,91/95,نفط,ثقافة عامة
شركة أرامكو,بترول,الشرقية,الظهران,نفط,اكتتاب,سابك,ثقافة عامة
لوحة الموناليزا,ليوناردو ,دافنشي,جيوكاندا,اللوفر,رسمة,ابتسامة,ثقافة عامة
أحمد شوقي,شاعر,مصر,أمير الشعراء,المتنبي,قم للمعلم,بيت,ثقافة عامة
المتنبي,شاعر,الأخطل,جرير,الدولة الفاطمية,بيت,قافية,ثقافة عامة
كوكب الزهرة,الشمس,الأرض,عطارد,قريب,الثاني,فضاء,ثقافة عامة
البحر الميت,الأردن,ملح,سباحة,اسماك,أخفض,سياحة,ثقافة عامة
مثلث برمودا,سفر,طيارات,ضياع,اختفاء,مفقود,خطف,ثقافة عامة
قوس قزح,الوان,سبعة,أحمر,أزرق,أصفر,مطر,ثقافة عامة
طبقة الأوزون,أكسجين,السماء,ثقب,السحب,طيارة,غازات,ثقافة عامة
مذنب هالي,67 سنة,الفضاء,كوكب,نجم,الشمس,الأرض,ثقافة عامة
نظرية التطور,دارون,قرد,الانسان,البشر,معارضة,تحول,ثقافة عامة
رصاصة الرحمة,قتل,مسدس,النهاية,الختام,إنسان,طلقة,ثقافة عامة
الثريا,السماء,الثرى,لمبة,بيت,اضاءة,سقف,ثقافة عامة
نون النسوة,جمع,مؤنث,عدد,لغة عربية,اعراب,بنات,ثقافة عامة
سن المراهقة,عمر,شاب,بلوغ,المتوسطة,أم,أب,ثقافة عامة
طاولة الطعام,عائلة,وجبة,أكل,غداء,عشاء,اجتماع,ثقافة عامة
سوق الأسهم,بيع,شراء,افتتاح,سعر,ربح,خسارة,ثقافة عامة
بيتهوفن,موسيقى,سمفونية,قديم,كلاسيكس,اوبرا,موزارت,ثقافة عامة
حدائق فرساي,فن,فرنسا,باريس,منظر,ثقافة,سفر,ثقافة عامة
مودم إنترنت,واي فاي,شبكة,اتصال,جوال,رقم سري,سلك,ثقافة عامة
كحل,مكياج,روج,مناكير,عين,إثمد,أسود,ثقافة عامة
كورسيه,ملابس,فستان,ضيق,نحيف,سمين,زواج,ثقافة عامة
مجرة درب التبانة,كون,شمس,الأرض,نجوم,كواكب,قمر,ثقافة عامة
فيسبوك,تواصل ,برنامج,مصر,بوست,لايك,تطبيق,ثقافة عامة
تويتر,تواصل ,برنامج,تغريدة,ثريد,ريتويت,تطبيق,ثقافة عامة
تيك توك,تواصل ,برنامج,فيديو,تطبيق,استهبال,أغاني,ثقافة عامة
سناب شات,تواصل ,برنامج,فيديو,ثواني,تطبيق,كاميرا,ثقافة عامة
Linkedin,تواصل ,برنامج,وظيفة,مقابلة,تطبيق,عمل,ثقافة عامة
انستجرام,تواصل ,برنامج,فيديو,تطبيق,صور,لايك,ثقافة عامة
فوكس سينما,أفلام,فشار,واجهة الرياض,كراسي,ممثل,مخرج,ثقافة عامة
التحنيط,جثة,فرعون,موت,حفاظ,مصر,حيوانات,ثقافة عامة
ثقب الاوزون,طبقة,غلاف جوي,البيئة,السماء,أكسجين,تلوث,ثقافة عامة
متلازمة ستوكهولم,السويد,نفس,رهينة,سطو,تعلق,حب,ثقافة عامة
تيسلا,سيارة,الكترونية,اليون ماسك,قيادة,بنزين,أمريكا,ثقافة عامة
الحوت الأزرق,حيوان,بحر,سمك,أكبر,القرش,دولفين,ثقافة عامة
الإنترنت,اتصال,بيانات,جوال,كمبيوتر,ألياف,شبكة,ثقافة عامة
الدماغ,مخ,جسم,الإنسان,الجهاز العصبي,الدم,الجمجمة,ثقافة عامة
الذهب,معدن,ثمين,فضة,ألماس,قيراط,مجوهرات,ثقافة عامة
الفضة,معدن,ثمين,ذهب,ألماس,قيراط,مجوهرات,ثقافة عامة
التبادل المنفعي,البيئة,الحيوانات,النباتات,تستفيد,توازن,اعتماد,ثقافة عامة
هضبة,تضاريس,جيولوجيا,جبل,تل,ارتفاع,نجد,ثقافة عامة
الضغط الجوي,بارومتر,قياس,فيزياء,دم,هواء,بار,ثقافة عامة
انكسار الضوء,الحسن ابن الهيثم,ماء,ظاهرة,تجربة,مسبح,قلم,ثقافة عامة
الراديو,جهاز,FM/AM,محطات,سيارة,تردد,صوت,ثقافة عامة
حديقة الحيوانات,كائنات,أقفاص,أسد,زرافة,فيل,زيارة,ثقافة عامة
البروجيكتور,جهاز,عرض,جدار,فيديو,ضوء,جدار,ثقافة عامة
متوازي أضلاع,شكل,هندسي,4,زوايا,منحرف,معين,ثقافة عامة
لعبة البلوت,400,صن,حكم,سرة,دق,مشاريع,ثقافة عامة
لعبة الشطرنج,ملك,وزير,فيل,حصان,قلعة,جندي,ثقافة عامة
رطوبة,ماء,هواء,بحر,طقس,جو,جدة,ثقافة عامة
خط الاستواء,مطر,خريطة,أطلس,غابات,عرض,مدار,ثقافة عامة
الزمكان,النسبية,آينشتاين,زمان,مكان,نظرية,الجاذبية,ثقافة عامة
آينشتاين,عالم,فيزياء,الخاصة,النسبية,الزمكان,شعر,ثقافة عامة
الخاصية الاسموزية,فيزياء,ظاهرة,تركيز,ضغط,كثافة,انتقال,ثقافة عامة
ثلج,جليد,ماء,مجمد,عصير,كأس,مكعب,ثقافة عامة
التوتر السطحي,ماء,حشرات,ناموس,طفو,ظاهرة,تماسك,ثقافة عامة
المخ,دماغ,تفكير,عقل,إنسان,فصين,أعصاب,ثقافة عامة
كريات الدم الحمراء,هيموجلوبين,أكسجين,بيضاء,جرح,عظام,تحليل,ثقافة عامة
الدماغ,مخ,الحبل الشوكي,أعصاب,ذاكرة,تحكم,جمجمة,ثقافة عامة
الجهاز الهضمي,معدة,مريء,طعام,أكل,أمعاء,البلعوم,ثقافة عامة
عضلات,جيم,بروتين,حديد,كمال,رياضة,قوة,ثقافة عامة
الشمس,نجم,قمر,حرارة,ضوء,النهار,الظهر,ثقافة عامة
كوكب عطارد,الشمس,الزهرة,الأرض,مطاردة,أقرب,مجموعة,ثقافة عامة
العلك,مستكة,لبان,أسنان,مضغ,فقاعة,نوفا,ثقافة عامة
القمر,الشمس,هلال,رمضان,شهر هجري,كوكب,نيل ارمسترونج,ثقافة عامة
البرق,الرعد,السحاب,صاعقة,مطر,كهرباء,بيكاتشو,ثقافة عامة
الرعد,البرق,السحاب,صاعقة,مطر,هزيم,صوت,ثقافة عامة
جوال,هاتف,اتصال,خليوي,آيفون,سامسونج,شريحة,ثقافة عامة
صابون,حمام,غسيل,نظافة,شامبو,رغوة,ماء,ثقافة عامة
ولاعة,سيجارة,نار,فحم,غاز,جيب,دخان,ثقافة عامة
القتل شبه العمد,خطأ,قصاص,جريمة,سلاح,حكم,فقه,ثقافة عامة
سوق الأسهم,شركات,مضاربة,استثمار,بيع,هبوط,أرامكو,ثقافة عامة
تضخم,أسعار,غلاء,شراء,عقار,حجم,عضلات,ثقافة عامة
عمر بن الخطاب,صحابي,الفاروق,خليفة,عادل,مبشر,أبو بكر الصديق,دين
علي بن أبي طالب,صحابي,الحسن والحسين,فاطمة,خليفة,الرسول ,أول,دين
صلح الحديبية,الرسول,قريش,الصحابة,عمرة,المسلمين,الكفار,دين
فتح مكة,الرسول,رمضان,ثمانية,الطلقاء,أبو سفيان,الإسلام,دين
عام الفيل,الكعبة,طير,سورة,ولد,أبرهة الحبشي,هدم,دين
الوضوء,الصلاة,شرط,ماء,تيمم,الوجه,غسل,دين
التيمم,الصلاة,شرط,ماء,تراب,الوجه,غسل,دين
صلاة الجمعة,ظهر,خطبة,إمام,جماعة,بيع,عيد,دين
صلاة الكسوف,الشمس,قمر,ظل,ظاهرة,عالم,سنة,دين
سجود السهو,نسيان,شك,صلاة,سنة,ركعة,زيادة,دين
أبو هريرة,صحابي,خيبر,حديث,دوسي,صخر,قطة,دين
حجة الوداع,اللهم اشهد,عرفة,مكة,الرسول,منى,مزدلفة,دين
حليمة السعدية,الرسول,حليب,محمد,رضاع,والدة,أم,دين
أبرهة الحبشي,هدم,كعبة,فيل,طير,حجارة,عصف,دين
النبي يوسف,كوكب,مصر,العزيز,ذئب,جميل,يعقوب,دين
النبي سليمان,الجن,النمل,الهدهد,ريح,بلقيس,داوود,دين
غزوة بدر,المدينة المنورة,قريش,الكفار,أبو سفيان,المسلمين,الصحابة,دين
صلاة التراويح,رمضان,قنوت,قيام,عمر بن الخطاب,وتر,قرآن,دين
زكاة الفطر,رز,رمضان,عيد,فقير,تمر,صدقة,دين
العقيقة,مولود,عزيمة,سابع,شعر,شاه,سنة,دين
سورة الفاتحة,قرآن,مصحف,آية,تلاوة,البقرة,أول,دين
العمرة,طواف,الكعبة,سعي,الحج,إحرام,مكة المكرمة,دين
صلاة الفجر,ركعة,ليل,الظهر,العشاء,قرآن,اثنان,دين
عيد الفطر,رمضان,هلال,شوال,صلاة,خطبة,فرح,دين
الكعبة المشرفة,مكة,قبلة,صلاة,إبراهيم,الحجر الأسود,الصفا والمروة,دين
بئر زمزم,مكة,هاجر,إسماعيل,ماء,إبراهيم,الصفا و المروة,دين
المسجد الأقصى,فلسطين,القدس,قبلة,صلاة,إسراء,مقدس,دين
البراق,الإسراء,المعراج,ركب,الرسول ,محمد,السماء,دين
ذو الفقار,سيف,علي بن أبي طالب,حرب,قتال,مبارزة,المهند,دين
النسائي,راوي,حديث,شيخ,صحيح,حسن,البخاري,دين
صلاة الميت,جنازة,قبر,ركوع ,سجود,دعاء,كفن,دين
الحجر الأسود,الكعبة,مكة,أبيض,الجنة,ذنوب,سنة,دين
قبة الصخرة,فلسطين,القدس,إسراء,الرسول,أصفر,إسلام,دين
غار حراء,الرسول,اقرأ,النبي,مكة,جبريل,وحي,دين
جبل عرفة,الحج,مكة,مزدلفة,منى,الوقوف,مناسك,دين
الجمرات,الحج,حصى,مزدلفة,منى,رمي,مكة المكرمة,دين
قابيل,آدم,قرآن,قتل,غراب,أخو,دفن,دين
النبي آدم,أبو,بشر,والد,أول,حواء,جنة,دين
أبوبكر الصديق,خلفاء,قحافة,مبشر,خليفة,صاحب,أول,دين
يلملم,ميقات,اليمن,الحج,العمرة,إحرام,واجب,دين
الزكاة,ركن,إسلام,مال,نصاب,بركة,حول,دين
الحج,ركن,إسلام,عرفة,الجمرات,مزلفة,منى,دين
الصوم,ركن,إسلام,رمضان,أكل,شرب,أذان,دين
صلاة الاستسقاء,سنة,مطر,جفاف,الغيث,سحاب,نبات,دين
الطواف,الكعبة,العمرة,سبعة,الحجر الأسود,اليماني,مكة المكرمة,دين
مقام ابراهيم,الكعبة,مكة المكرمة,قدم,طواف,عمرة,الحج,دين
كسوة الكعبة,أسود,ذهب,أصفر,سترة,آية,معلقات,دين
صلاة الجمعة,الظهر,خطبة,فرض,ركعتان,أسبوع,الحرم,دين
صلاة الخوف,سلاح,حرب,حذر,غزوات,الصحابة,الرسول ,دين
بلال بن رباح,صحابي,مؤذن,عبد,أبوبكر الصديق,اعتق,غزوة,دين
فرعون,طاغية,موسى,مصر,غرق,ربكم,آية,دين
ذات الصواري,غزوة,بحرية,سفن,معركة,بيزنطيين,مسلمين,دين
أصحاب الكهف,قرآن,300,كلب,قصة,معجزة,سبعة,دين
النميمة,صفة,نقل,كلام,حديث,ذنب,ناس,دين
الغيبة,ذكر,أخاك,كره,حديث,صفة,ذنب,دين
السنن الرواتب,صلاة,12,ركعة,نافلة,سجدة,مؤكدة,دين
الرياء,شرك,النية,عمل,الناس,تظاهر,مدح,دين
صدقة جارية,موت,إنسان,أجر,حسنات,دعاء,ماء,دين
منكر و نكير,ملائكة,قبر,سؤال,رب,نبي,موت,دين
اللوح المحفوظ,غيب,القدر,أعمال,حسنات,سيئات,مستقبل,دين
أبيار علي,ميقات,حج,مكة,إحرام,محطة,طريق,دين
الإقلاب,تجويد,باء,ميم,قرآن,تلاوة,إدغام,دين
إدغام بغنة,تجويد,قرآن,تلاوة,يرملون,نون,تنوين,دين
ليلة القدر,رمضان,ألف,وتر,مغفرة,يوم,عبادة,دين
هاروت وماروت,سحر,سليمان,الشياطين,بابل,اثنان,قرآن,دين
الفردوس,جنة,الآخرة,المؤمنون,مرتبة,نعيم,أعلى,دين
حملة العرش,ثمانية,ملائكة,ربك,فوقهم,الكرسي,الملك,دين
الشيطان,إبليس,جن,يوسوس,تكبر,سجود,آدم,دين
طلع البدر,نشيد,ترحاب,الرسول,المدينة المنورة,الأنصار,ثنيات,دين
صلاح الدين الأيوبي,مسلم,القسطنطينية,مصر,تركيا,الملك الناصر,الصليبيين,دين
جبريل,ملك,الرسول,الوحي,القرآن,مكة,عزرائيل,دين
عيسى عليه السلام,رسول,نبي,مريم,المسيح,موسى,محمد,دين
عثمان بن عفان,صحابي,ذو النورين,خلافة,الرسول,رقية,أم كلثوم,دين
قيام الليل,صلاة,تراويح,رمضان,تهجد,قرآن,الليل,دين
صلاة الظهر,ركعة,4,العصر,الجمعة,الفجر,سرية,دين
خديجة بنت خويلد,صحابية,زوجة الرسول,أم المؤمنين,فاطمة,علي بن أبي طالب,تاجرة,دين
سورة العلق,أول,اقرأ,قرأن,جبريل,مصحف,غار حراء,دين
آية الكرسي,سورة البقرة,255,أعظم ,سورة الفاتحة,آية الدين,الرسول,دين
التوراة,كتاب,موسى,اليهود,القرآن,عيسى,محمد,دين
الإنجيل,كتاب,عيسى,النصارى,القرآن,موسى,محمد,دين
الزبور,كتاب,داود,القرآن,التوراة,الإنجيل,محمد,دين
غزوة أحد,حمزة,خسر,الرماة,ثاني,المشركون,المؤمنون,دين
سورة البقرة,قرآن,طويل,كرسي,الدين,الفاتحة,صفراء,دين
سورة الإخلاص,قرآن,ثلث,قصيرة,جزء عم,أحد,معوذات,دين
سورة يس,قرآن,عروس,ربع,آية,الحكيم,المرسلين,دين
مريم بنت عمران,عذراء,عيسى,قرآن,نخلة,زكريا,جذع,دين
مكروه,مستحب,سنة,واجب,حرام,حكم,فقه,دين
سنة مؤكدة,مستحب,الرواتب,واجب,حرام,حكم,فقه,دين
القرآن الكريم,مصحف,آيات,صلاة,سور ,قراءة,وحي,دين
غزوة الخندق,سلمان الفارسي,معركة,المدينة المنورة,يثرب,المشركين,المسلمين,دين
خالد بن الوليد,صحابي,سيف,غزوة أحد,قائد,كرار,هزيمة,دين
حسنات,سيئات,أعمال,أجر,ثواب,ميزان,الجنة,دين
سيئات,حسنات,أعمال,أجر,النار,ميزان,جهنم,دين
الإحرام,حج,عمرة,طواف,أبيض,ميقات,مخيط,دين
مزدلفة,الحج,عرفة,منى,مبيت,جمرات,مكة,دين
منى,الحج,جمرات,مبيت,إحرام,حملة,مخيم,دين
إبليس,الشيطان,وسوسة,آدم,حواء,شجرة,نار,دين
الجمرة الكبرى,الحج,منى,حصى,الصغرى,مكة,العقبة,دين
خطبة الجمعة,صلاة,إمام,جامع,خطيب,مسجد,إسلام,دين
بيعة الرضوان,الصحابة,عثمان,الرسول,شجرة,عمرة,فرار,دين
أحمد بن حنبل,مذهب,إمام,الشافعي,أبو حنيفة,مالك بن أنس,شيخ,دين
الإمام الشافعي,مذهب,إمام,أحمد بن حنبل,أبو حنيفة,مالك بن أنس,شيخ,دين
القنوت,رمضان,دعاء,صلاة,تراويح,قيام,ركعة,دين
القصواء,ناقة,الرسول,حيوان,مأمورة,أبو أيوب الأنصاري,جمل,دين
عمر بن عبدالعزيز,خليفة,خامس,عدل,أموي,أمير المؤمنين,حاكم,دين
دار الأرقم,مكة,دعوة,الإسلام,الرسول,اجتماع,سر ,دين
ماجد عبدالله,النصر,هداف,كورة,عبدالرحمن بن سعود,السعودية,أسطورة,رياضة
نادي الهلال,فريق,الزعيم,السعودية,الرياض,أزرق,تشجيع,رياضة
نادي الإتحاد,فريق,العميد,نمور,المونديالي,جدة,تشجيع,رياضة
دوري الأمير محمد بن سلمان,بطولة,ممتاز,كأس,أندية,السعودية,الأولى,رياضة
نادي الأهلي,فريق,الراقي,قلعة,ملكي,جدة,تشجيع,رياضة
نادي الشباب,فريق,الليث,البلطان,شيخ,العويران,الرياض,رياضة
نادي النصر,فريق,العالمي,نجد,الشمس,ماجد,حمدالله,رياضة
ملعب الجوهرة,جدة,استاد,الإتحاد,الأهلي,جماهير,الغربية,رياضة
عمر المهنا,حكم,ساحة,كروت,خطأ,راية,مساعد,رياضة
ضربة جزاء,مخالفة,فاول,الجزاء,16,بلنتي,الدعيع,رياضة
سعيد العويران,الشباب,كأس العالم,بلجيكا,سناب شات,مهاجم,هدف,رياضة
تبديل اضطراري,إصابة,خروج,دخول,ورقة,مدرب,خطة,رياضة
مباراة,فريق,دوري,كأس,ديربي,كلاسيكو,نقاط,رياضة
مباراة الذهاب,فريق,بطولة,هدفين,احتساب,أرض,خارج,رياضة
تسلل,مهاجم,كرة,مدافع,خطأ,كسر,خطة,رياضة
نادي التعاون,فريق,القصيم,سكري,تاوامبا,الهلال,بريدة,رياضة
الهبوط,نقاط,مركز,درجة,خطر,آخر,الأولى,رياضة
إعارة,لاعب,فريق,نادي,تبديل,مؤقت,صفقة,رياضة
هاتريك,لاعب,تسجيل,هدف ,مباراة,ثلاثة,جول,رياضة
هجمة مرتدة,خطة,كرة,سرعة,تقدم,دفاع,هجوم,رياضة
غوميز,هداف,الهلال,لاعب,أسد,قهوة,فرنسي,رياضة
عبدالرزاق حمدالله,النصر,هداف,المغرب,امرابط,جلاد,مهاجم,رياضة
المربع الذهبي,دوري,الأول,النصر,كأس,مركز,الهلال,رياضة
وليد الفراج,أكشن,الجولة,مذيع,برنامج,إعلامي,عادل التويجري,رياضة
حسين عبدالغني,لاعب,ظهير,النصر,الأهلي,أبو عمر,24,رياضة
نادي ضمك,فريق,بن زكري,أبها,ترتيب,عسير,السعودية,رياضة
كأس الملك,مباراة,نهائي,التعاون,الإتحاد,الأهلي,الهلال,رياضة
قناة 24,المريسل,إعلاميين,كل يوم,الحصاد الرياضي,الذايدي,كرة,رياضة
سامي الجابر,لاعب,الهلال,أسطورة,9,المنتخب,مهاجم,رياضة
ياسر القحطاني,لاعب,الهلال,القادسية,القناص,مهاجم,المنتخب,رياضة
المنتخب السعودي,الصقور الخضر,لاعبين,مدرب,كأس العالم,نادي,آسيا,رياضة
VAR,حكم,مساعد,فيديو,طرد,بلنتي,تسلل,رياضة
محمد جحفلي,الهلال,119,النصر,هدف,مدافع,الزعيم,رياضة
فؤاد أنور,الشباب,النصر,كأس العالم,هولندا,المغرب,وسط,رياضة
خالد مسعد,الأهلي,الأنيق,آسيا,وسط,هدف,محلل,رياضة
سعيد المولد,الأهلي,آوت,ظهير,مدافع,الإتحاد,جدة,رياضة
محمد الشلهوب,الهلال,الزعيم,أخلاق,الموهوب,البندري,قصير,رياضة
يوسف الثنيان,الهلال,الزعيم,الفيلسوف,أبو يعقوب,تسحيب,مهارات,رياضة
ضربة جزاء,مباراة,فريق,ركلة,حظ,فاول,انفراد,رياضة
عموري,الهلال,العين,الإمارات,شعر,مهارات,عمودي,رياضة
برونو أوفيني,النصر,العالمي,رأس,الهلال,مدافع,البرازيل,رياضة
فهد الهريفي,لاعب,النصر,الموسيقار,ماجد عبدالله,السعودية,صانع,رياضة
نادي برشلونة,كاتالونيا,ميسي,إسبانيا,تشافي,كامب نو,بيكيه,رياضة
نادي ريال مدريد,المرينجي,إسبانيا,الملكي,بيريز,سانتياغو برنابيو,رونالدو,رياضة
ارسنال,إنجلترا,مدفعجية,أوزيل,فينجر,بطولة,دوري,رياضة
ميسي,برشلونة,أرجنتين,لاعب,أسطورة,رونالدو,مارادونا,رياضة
كرستيانو رونالدو,ريال مدريد,مانشستر يونايتد,هداف,لاعب,ميسي,يوفنتوس,رياضة
نادي إنترميلان,إيطاليا,ديربي,ريكوبا,رونالدو,موراتي,ميليتو,رياضة
نادي بايرن ميونخ,ألمانيا,مولر,ليفاندوفسكي,أليانز أرينا,فريق,بروسيا دورتموند,رياضة
نادي تشيلسي,بلوز,إنجلترا,لندن,فريق,ستامفورد بريدج,لامبارد,رياضة
نادي مانشستر سيتي,الإمارات,منصور بن زايد,أغويرو,يايا توريه,نادي,الإتحاد,رياضة
نادي مانشستر يونايتد,فيرجسون,أولد ترافورد,فريق,إنجلترا,بطولات,مورينيو,رياضة
نادي يوفنتوس,إيطاليا,فريق,تورينو,رونالدو,بوفون,نيدفيد,رياضة
مورينيو,نمبر ون,مدرب,ريال مدريد,تشيلسي,توتنهام,إنتر ميلان,رياضة
جوارديولا,مدرب,إسبانيا,برشلونة,بايرن ميونيخ,مانشستر سيتي,مورينيو,رياضة
كامب نو,برشلونة,ملعب,ميسي,مدرجات,سانتياغو برنابيو,مباريات,رياضة
سانتياغو بيرنابيو,ريال مدريد,ملعب,رونالدو,مدرجات,كامب نو,مباريات,رياضة
يوسف سيف,معلق,مباريات,قطر,بي ان,حاضرا,تحليل,رياضة
عصام الشوالي,تعليق,مش ممكن,تونس,كلاسيكو,مباريات,بي ان,رياضة
رؤوف خليف,تعليق,يوزع,جزائر,بي إن,هايلة,سيدي,رياضة
دوري أبطال أوروبا,ريال مدريد,بطولة,ذات الأذنين,نهائي,كأس العالم,كرة قدم,رياضة
كأس العالم,بطولة,فيفا,كرة القدم,البرازيل,قطر,تأهل,رياضة
فارس عوض,تعليق,بي ان,مباراة,يا رباه,مستحيل,الإمارات,رياضة
بيليه,برازيل,أسطورة,هداف,كأس,جوهرة,مارادونا,رياضة
مارادونا,أرجنتين,يد,أسطورة,مخدرات,نابولي,كأس,رياضة
نيمار,برازيل,تمثيل,برشلونة,باريس,لاعب,مهاجم,رياضة
زيدان,فرنسا,نطح,جزائر,ريال مدريد,مدرب,كأس,رياضة
تشافي,برشلونة,مايسترو,إسبانيا,قطر,مدرب,وسط,رياضة
سواريز,برشلونة,أوروغواي,عض,أسنان,مهاجم,ليفربول,رياضة
نادي ألميريا,تركي آل الشيخ,فريق,إسبانيا,الدرجة الثانية,تأهل,جوتي,رياضة
نادي الأهلي المصري,فريق,الزمالك,مصر,عصام الحضري,ميدو,محمود الخطيب,رياضة
نادي الزمالك,فريق,الأهلي,مصر,مرتضى منصور,شيكبالا,كرة قدم,رياضة
نادي بيراميدز,فريق,مصر,تركي آل الشيخ,السعودية,الأسيوطي,سالم الشامسي,رياضة
رافاييل نادال,تنس أرضي,كرة صفراء,إسبانيا,بطولة فرنسا,رولان غاروس,ترابي,رياضة
روجر فيدرير,كرة صفراء,تنس أرضي,سويسرا,نادال,ويمبلدون,جراند سلام,رياضة
لويجي بوفون,إيطاليا,حارس,يوفنتوس,كأس,العجوز,كبير,رياضة
محمد صلاح,مصر,ليفربول,فخر,مكة,مسلم,عربي,رياضة
نادي العين,عموري,الإمارات,العنابي,آسيا,بطل,زايد,رياضة
UFC,مصارعة ,ملاكمة,ضرب,دم,حبيب,مكريجور,رياضة
كرت أحمر,مباراة,مخالفة,الحكم,إنذار,تدخل,خروج,رياضة
كرت أصفر,مباراة,مخالفة,الحكم,إنذار,تدخل,خروج,رياضة
نادي الرائد,فريق,القصيم,بريدة,التحدي,التعاون,أحمر,رياضة
نادي الفيصلي,فريق,المجمعة,حرمة,عنابي,المدلج,ملائكة,رياضة
نادي الإتفاق,فريق,الشرقية,الدمام,نواخذ,الدبل,خليل الزياني,رياضة
نادي الفتح,فريق,الشرقية,النموذجي,الأحساء,العفالق,الجبال,رياضة
فهد المهلل,لاعب,السعودية,شباب,الليث,مهاجم,نجم,رياضة
كوبي براينت,هيليكوبتر,كرة سلة,حادث,لاعب,ليكرز,شاكيل اونيل,رياضة
مايكل جوردن,شيكاغو بولز,سكوتي بيبن,كرة سلة,لاعب,اعتزال,نايك,رياضة
ليبرون جيمز,كرة سلة,كليفلاند كافلييرز,ميامي هيت,لاعب,دواين وايد,قولدين ستايت,رياضة
نادي الترجي التونسي,صفاقسي,انيس البدري,المساكني,أفريقيا,كرة القدم,الشوالي,رياضة
هجمة مرتدة,كرة قدم,سريع,خطير,انفراد,مباراة,أحمد عز,رياضة
حبيب نورمحمدوف,يو اف سي,كونور,حلبة,روسيا,مصارعة,فنون قتالية,رياضة
تايجر وودز,غولف,أمريكا,تايلند,مضرب,حفرة,علم,رياضة
مايكل أوين,ليفربول,لاعب,كرة قدم,مهاجم,إنجلترا,ريال مدريد,رياضة
كرة الريشة,مضرب,شبكة,اندونيسيا,آسيا,الألعاب الأولمبية,طائرة,رياضة
أندريه أجاسي,تنس أرضي,امريكا,أصلع,فيدرير,ويمبلدون,نادال,رياضة
روني اوسيلفيان,سنوكر,بلياردو,كرة,حفر,إنجلترا,حمراء,رياضة
سنوكر,بلياردو,حمراء,كرة,حفر,مضرب,طاولة,رياضة
بلياردو,كور,حفرة,مضرب,تسعة,طاولة,أسود,رياضة
سكواش,مضرب,صالة,جدار,كرة,أسود,عمرو شبانة,رياضة
بولينج,كرة,ثقيل,عشرة,رمي,سترايك,سبير,رياضة
ديفيد بيكهام,لاعب,مانشستر يونايتد,فيكتوريا,فاول,إنجلترا,أشقر,رياضة
ملعب الماركانا,البرازيل,كرة قدم,ريو دي جانيرو,كوبا كابانا,بوتافوغو,نيمار,رياضة
فريق ريفر بليت,أرجنتين,بوكاجونيورز,نادي,إستوديانتس,ليبرتادوريس,غاياردو,رياضة
فريق بوكا جونيورز,أرجنتين,ريفربليت,نادي,إستوديانتس,كارلوس تيفيز,ريكليمي,رياضة
الألعاب الأولمبية,رياضة,ميدالية,ماراثون,أثينا,طوكيو,دوائر,رياضة
WWE,مصارعة ,حلبة,جون سينا,هيئة الرياضة,هالك هوغن,ذا روك,رياضة
نادي سيدني,العالمية,فريق,آسيا,النصر,نيشيمورا,الهلال,رياضة
القاهرة,مصر,عاصمة,زحمة,أفريقيا,الإسكندرية,سياحة,سياحة
خان الخليلي,مصر,الحسين,القاهرة,تراث,تاريخ,زحمة,سياحة
الاسكندرية,مدينة,مصر,بحر,عاصمة,قايتباي,المرسي,سياحة
تمثال حرية,أمريكا,فرنسا,نيويورك,شعلة,هدية,معلم,سياحة
سور الصين,جدار,طويل,آسيا,بكين,عجائب,الفضاء,سياحة
برج خليفة,دبي,أطول,إعمار,محمد بن راشد,الإمارات,أبوظبي,سياحة
الأهرامات,مصر,الجيزة,ابو الهول,فرعون,ام الدنيا,خوفو,سياحة
قصر المصمك,الرياض,الملك عبدالعزيز,حصن,متحف,معركة,رمح,سياحة
باريس,فرنسا,عطور,أوروبا,زيدان,برج إيفل,موناكو,سياحة
مدينة ووهان,الصين,مدينة,كورونا,كوفيد 19,فيروس,خفاش,سياحة
إسبانيا,مدريد,برشلونة,ثور,الأندلس,إشبيلية,طارق بن زياد,سياحة
أمريكا,ولايات,ترمب,أوباما,بوش,نيويورك,واشنطن,سياحة
الرياض,السعودية,عاصمة,مدينة,المصمك,المملكة,الفيصلية,سياحة
مطار هيثرو,لندن,بريطانيا,المملكة المتحدة,سفر,إليزابيث,إنجلترا,سياحة
برج العرب,دبي,معلم,بحر,7 نجوم,نورمان فوستر,فخم,سياحة
نافورة جدة,معلم ,واجهة,بحر,أطول,مضخة,ماء,سياحة
مدينة دبي,الإمارات,برج,زايد,إكسبو,زايد,خليفة,سياحة
برج بيزا,ايطاليا,مائل,بيتزا,طائح,روما,مرتفع,سياحة
برج إيفل,فرنسا,أوروبا,باريس,عالي,سفر,مطار,سياحة
هوليوود,أمريكا,فلم,تصوير,ممثل,أوسكار,إخراج,سياحة
بوليوود,الهند,هوليوود,فلم,ممثل,شاروخان,تصوير,سياحة
نهر النيل,مصر,القاهرة,فيكتوريا,أطول,عذب,شرب,سياحة
البيت الأبيض,أمريكا,واشنطن,رئيس,ترامب,أوباما,منزل,سياحة
مدينة البندقية,إيطاليا,بحر,ماء,قارب,جندول,سيارة,سياحة
المالديف,جزيرة,منتجع,شهر العسل,استرخاء,رومانسي,فندق,سياحة
جسر الملك فهد,السعودية,البحرين,البحر,سيارات,الخبر,الشرقية,سياحة
أبراج الكويت,معلم ,كورة,أزرق,دوار,3,خزان,سياحة
جنوب أفريقيا,مانديلا,كيب تاون,أحمد ديدات,جوهانزبيرغ,كأس العالم,عاصمة,سياحة
ساعة بيغ بن,لندن,وقت,بريطانيا,إنجلترا,مكة,زمن,سياحة
متحف اللوفر,فن,فرنسا,باريس,الموناليزا,ثقافة,سفر,سياحة
إيطاليا,روما,ميلان,بيتزا,باستا,برج بيزا,أوروبا,سياحة
ألمانيا,أوروبا,ميونخ,مرسيدس,BMW,دورتموند,صناعة,سياحة
شرم الشيخ,مصر,القاهرة,سياحة,بحر,نعمة,منتجع,سياحة
موسم الرياض,تركي آل الشيخ,مهرجان,البوليفارد,هيئة الترفيه,موسم الدرعية,ونتر لاند,سياحة
ونتر لاند,موسم الرياض,ملاهي,ألعاب,تركي آل الشيخ,هيئة الترفيه,ولي,سياحة
السويس,قناة,مصر,جمال عبدالناصر,عبارة,سفينة,حفر,سياحة
حضرموت,اليمن,منطقة,وادي,جنوب,تجارة,صرف,سياحة
جبال السروات,مرتفع,غرب,حجاز,تضاريس,جنوب,البحر الأحمر,سياحة
قمة إفرست,هيمالايا,أعلى,جبل,تسلق,الهند,الصين,سياحة
أستراليا,قارة,كنغر,كوالا,دولة,سيدني,حرائق,سياحة
شلالات نياجارا,بحر,ماء,كندا,أمريكا,نهر,برميل,سياحة
مملكة البحرين,دولة,خليج,الشرقية,جسر,آل خليفة,المحرق,سياحة
برج ساعة مكة,أطول,مكة,أطول,كعبة,فندق,مبنى,سياحة
مدينة البتراء,الأردن,آثار,سياحة,رومان,إغريق,تاريخ,سياحة
البحر الميت,الأردن,مالح,فلسطين,أسماك,مخلوقات,علاج,سياحة
مدينة كازابلانكا,المغرب,الدار البيضاء,سياحة,الرباط,امرابط,حمدالله,سياحة
مدينة مراكش,المغرب,الدار البيضاء,سياحة,الرباط,امرابط,حمدالله,سياحة
مدينة الخرطوم,السودان,عاصمة,فيل,نهر النيل,توتي,التمساح,سياحة
مدينة طوكيو,اليابان,عاصمة,انمي,صناعة,سوشي,تويوتا,سياحة
مدائن صالح,السعودية,العلا,آثار,قبور,سياحة,المدينة,سياحة
مدينة خميس مشيط,السعودية,جنوب,أبها,الحبلة,السودة,جبال,سياحة
ساحل العاج,دولة,أفريقيا,جنوب,كأس العالم,دروجبا,كرة القدم,سياحة
مدينة أبو ظبي,الإمارات,عاصمة,دبي,فيراري,ياس,زايد,سياحة
مكة المكرمة,الكعبة,قبلة,الحرم,السعودية,صلاة,حج,سياحة
المدينة المنورة,الرسول(صلى الله عليه وسلم),قبر,يثرب,البقيع,هجرة,أحد,سياحة
كوريا الجنوبية,سيئول,بي تي إس,كي بوب,هيونداي,آسيا,سامسونج,سياحة
حدائق بابل,عجائب,أسطورة,العراق,تاريخ,معلقة,الأهرامات,سياحة
تاج محل,الهند,عجائب,قبر,مطعم,مبنى,نهر,سياحة
تمثال زيوس,اليونان,إغريق,سلطان الموسى,هرقل,آلهة,حجر,سياحة
المدرج الروماني,إيطاليا,قتال,معماري,أثري,جمهور,دائري,سياحة
مدينة روما,عاصمة,إيطاليا,توتي,قيصر,بيتزا,باستا,سياحة
الفاتيكان,أصغر,البابا,دولة,إيطاليا,نصارى,دا فينشي,سياحة
سيدني,أستراليا,الهلال,أولبياد ٢٠٠٠,ليست عاصمة,كوالا,كنغر,سياحة
المسجد الأقصى,فلسطين,القدس,اليهود,الإسراء والمعراج,الصهاينة,قبة ,سياحة
بعلبك,لبنان,بيروت,صيدا,مغارة جعيتا,طرابلس,جونيه,سياحة
جبل فوجي,اليابان,معلم,تسلق,طوكيو,كونان,ثلج,سياحة
جبال الهيمالايا,إيفرست,نيبال,تسلق,اعلى,آسيا,قمة,سياحة
الكعبة المشرفة,القبلة,المسجد الحرام,مقام إبراهيم,مكة المكرمة,المسجد الأقصى,الحجر الاسود,سياحة
مدينة صلالة,عمان,مسقط,بحر العرب,جبل,طبيعة,سياحة,سياحة
ساغرادا فاميليا,كنيسة,برشلونة,جاودي,معماري,إسبانيا,معلم,سياحة
قصر الحمراء,الأندلس,إسبانيا,إشبيلية,المسلمين,غرناطة,قرطبة,سياحة
الغردقة,مصر,القاهرة,سياحة,شرم الشيخ,البحر الأحمر,منتجع,سياحة
الكولوسيوم,إيطاليا,قتال,روما,أثري,جمهور,دائري,سياحة
دار الأوبرا,أستراليا,غناء,مصر,بوتشيلي,أم كلثوم,فن كلاسيكي,سياحة
مدينة نيويورك,أمريكا,مانهاتن,تمثال الحرية,تايم سكوير,ترامب,ولاية,سياحة
ديزني لاند,ملاهي,أمريكا,باريس,أورلاندو,ميكي ماوس,بطوط,سياحة
تايمز سكوير,نيويورك,أمريكا,سنترال بارك,إعلانات,برج التجارة,سياحة,سياحة
الكوباكابانا,البرازيل,شاطئ,سامي الجابر,بحر,كأس العالم,سياحة,سياحة
الموناليزا,لوحة,لِيوناردو دا فينشي,متحف اللوفر,جيوكاندا,ابتسامة,نظرة,سياحة
سنترال بارك,حديقة,نيويورك,أمريكا,فريندز,تايمز سكوير,برج التجارة,سياحة
سانتوريني,اليونان,شاطئ,جزيرة,ميكونوس,أثينا,سياحة,سياحة
دوبروفنيك,كرواتيا,GOT,سياحة,جون سنو,أوروبا,بحر,سياحة
قوس النصر,فرنسا,معلم,باريس,الشانزلزيه,برشلونة,برج إيفل,سياحة
مدينة جرش,الأردن,عمان,تاريخ,آثار,البتراء,مهرجان,سياحة
مدينة القدس,فلسطين,المسجد الأقصى,تحرير,الإسراء,قبلة,صهاينة,سياحة
مدينة واشنطن,عاصمة,أمريكا,البيت الأبيض,ترامب,نيويورك,ولاية,سياحة
الساحة الحمراء,روسيا,موسكو,كرملين,سياحة,بوتين,ستالين,سياحة
لندن آي,إنجلترا,عجلة,ملاهي,ترفيه,ونترلاند,دبي,سياحة
آيا صوفيا,تركيا,اسطنبول,مسجد,كنيسة,سلطان أحمد,متحف,سياحة
جامع السلطان أحمد,تركيا,اسطنبول,مسجد,كنيسة,آيا صوفيا,أتاتورك,سياحة
فلسطين,المسجد الأقصى,القدس,بيت لحم,صهاينة,تحرير,الخليل,سياحة
بالي,إندونيسيا,جزيرة,شاطئ,منتجع,سياحة,بحر,سياحة
جبل كلمنجارو,أفريقيا,قمة,أعلى,تنزانيا,تسلق,تل,سياحة
مدينة سوسة,تونس,أفريقيا,أسنان,حشوة,كسكسي,الشوالي,سياحة
جبال روكي,أمريكا,كندا,ثلوج,أفلام,ملاكم,سيلفستر,سياحة
مغارة جعيتا,لبنان,كهف,جبل,ألوان,قارب,بيروت,سياحة
مدينة هيروشيما,اليابان,قنبلة,نووي,حرب,أمريكا,طائرة,سياحة
مدينة ناجازاكي,اليابان,قنبلة,نووي,حرب,أمريكا,طائرة,سياحة
أبل,آيفون,آيباد,جوال,تفاحة,سامسونج,ستيف جوبز,ماركات
سامسمونج,جوال,أندرويد,هواوي,آيفون,أبل,كوريا,ماركات
هواوي,جوال,اندرويد,سامسونج,ايفون,الصين,شاومي,ماركات
لاكوست,تمساح,ملابس,بولو,ألوان,جودة,أخضر,ماركات
مرسيدس,سيارة,ألمانيا,بي ام دبليو,أودي,فخم,سريعة,ماركات
LG - ال جي ,تلفزيون,كوريا,سامسونج,سوني,مكيف,ثلاجة,ماركات
تويوتا,يابان,سيارة,كامري,عملية,اقتصادية,كوريلا,ماركات
أديداس,كرة قدم,ملابس,احذية,نايك,رياضة,تمارين,ماركات
نايكي,كرة قدم,ملابس,أحذية,أديداس,تمارين,صح,ماركات
ايكيا,السويد,أثاث,اقتصادي,تركيب,مستودع,مفك,ماركات
سوني,بلايستيشن,تلفزيون,يابان,كاميرا,جوال,جودة,ماركات
ستاربكس,قهوة,دنكن,لاتيه,أمريكا,كابوتشينو,ماكياتو,ماركات
ماستر كارد,فيزا,فلوس,دفع,شراء,أونلاين,أمان,ماركات
بيبسي,كولا,غازي,سفن أب,ميراندا,مشروب,دايت,ماركات
كوكا كولا,بيبسي,غازي,مشروب,فانتا,سبرايت,دابت,ماركات
DHL - دي اتش ال,فيديكس,توصيل,شحنة,أحمر,سرعة,دولي,ماركات
نينتيندو,ألعاب,سويتش,ماريو,بلايستيشن,ماريو,وي - Wii,ماركات
ديزني,ميكي ماوس,ملاهي,أورلاندو,ألعاب,باريس,بطوط,ماركات
بيتزا هت,دومينوز,جبنة,عجينة,فرن,مطعم,أمريكا,ماركات
كانون,كاميرا,طابعة,تصوير,حبر,عدسة,كمبيوتر,ماركات
HP - اتش بي,طابعة,حبر,لابتوب,كمبيوتر,أمريكا,أزرق,ماركات
Red Bull - ريد بول,مشروب,طاقة,ثور,كافيين,سهر,قوة,ماركات
Gucci - جوتشي,عطور,أزياء,ملابس,هدايا,اكسسوارات,إيطاليا,ماركات
LEGO - ليجو,تركيب,لعبة,أطفال,قطع,تفكير,متعة,ماركات
Chanel - شانيل,عطور,ملابس,أزياء,هدايا,شنط,عطور,ماركات
LV - ال في,شنط,ماركة,غالي,ملابس,أحذية,فرنسا,ماركات
مايكروسوفت,ويندوز,بيل جيتس,أبل,كمبيوتر,أوفيس,برامج,ماركات
أمازون,بيع,أونلاين,جيف بيزوز,شحن,توصيل,سوق,ماركات
فيراري,سيارة,سريعة,إيطاليا,غالية,رياضية,بنزين,ماركات
بلانسياجا,جزم,غالية,مشاهير,B,ملابس,أسبانيا,ماركات
جرجيو أرماني,ايطاليا,ملابس,جزم,غالية,فخمة,مشاهير,ماركات
رالف لورين,امريكا,ملابس,جزم,غالية,فخمة,مشاهير,ماركات
تومي هيلفجر,امريكا,ملابس,أحمر وأزرق,غالية,فخمة,مشاهير,ماركات
بوينج,طيارة,كيروسين,سفر,ركاب,737,مطار,ماركات
ديزني,ملاهي,أطفال,أمريكا,والت ,ميكي ماوس,كرتون,ماركات
مندي أبو نورة,لحم,تيس,خروف,مشهور,تويتر,حاشي,ماركات
NBA ,رياضة,كرة سلة,مايك جوردان,كوبي براينت,فريق,5 لاعبين,ماركات
سيسكو,اتصالات,شبكات,اقمار صناعية,عالمية,أزرق,جوال,ماركات
مالبورو,دخان,سجارة,بكت,كرز,رئة,أحمر,ماركات
فيزا,دفع,فلوس,بطاقة,موقع,مبلغ,محفظة,ماركات
وولمارت,أمريكا,سوبرماركت,منتجات,عروض,مقاضي,شمس,ماركات
كارفور,سوبرماركت,منتجات,عروض,مقاضي,فرنسا,أزرق,ماركات
بنده,سوبرماركت,منتجات,عروض,مقاضي,السعودية,أخضر,ماركات
العثيم,سوبرماركت,منتجات,عروض,مقاضي,السعودية,توفير,ماركات
لوريال,ماكياج,بنات,ميك اب ارتست,احمر شفايف,روج,فاشيستا,ماركات
نسكافيه,قهوة,بن,حليب,كوفي ميت,سكر,ماء,ماركات
جيليت,حلاقة,كريم,دقن وشنب,موس,مكينة,سكسوكة,ماركات
ايكيا,أثاث,السويد,أصفر وأزرق,تركيب,توصيل,النصر,ماركات
سيمينز,اتصالات,جوال,ألمانيا,أجهزة,نوكيا,تقنية,ماركات
زارا,أمريكا,ملابس,موضة,سريعة,فخمة,مشاهير,ماركات
مصرف الراجحي,بنك,فلوس,حساب,توفير,استثمار,حساب,ماركات
البنك الأهلي,مصرف,فلوس,توفير,استثمار,راتب,حساب,ماركات
بنك البلاد,مصرف,فلوس,توفير,استثمار,راتب,حساب,ماركات
المراعي,حليب,لبن,السعودية,بقر,نادك,زبادي,ماركات
نادك,حليب,لبن,السعودية,بقر,المراعي,زبادي,ماركات
مدى,دفع,محفظة,بطافة,فلوس,جوال,تطبيق,ماركات
موقع سوق.كوم,أونلاين,شراء,دفع,توصيل,منتجات,أمازون,ماركات
موقع نون,أونلاين,شراء,دفع,توصيل,منتجات,أصفر,ماركات
سيفورا,مكياج,روج,مسكرة,محل,مول,بنات,ماركات
Dell - ديل,كمبيوتر,شاشات,تكنولوجيا,أمريكا,أجهزة,لابتوب,ماركات
سواتش,ساعة,كاسيو,اوميغا,كوارتز,تصاميم,عملية,ماركات
موتورولا,جوال,آيفون,أندرويد,موتو,قديم,نوكيا,ماركات
فطور فارس,معصوب,أبويا,فول,مطعم,جدة,التركي,ماركات
كلينكس,فاين,منديل,نعومة,أبيض,تنظيف,بنزين,ماركات
ديهاتسو,سيارة,اليابان,تويوتا,عطسة,صغيرة,اقتصادية,ماركات
ميتسوبيشي,سيارة,اليابان,مصعد,لانسر,آوتلاندر,سوشي,ماركات
سينابون,قرفة,حلى,كريمة,مكسرات,شوكولاتة,حلزون,ماركات
Yale,مفاتيح,باب,قفل,جامعة,أمريكا,جيب,ماركات
رد بول,مشروب,طاقة,جوانح,بيعطيك,لايبزيج,فيلكس,ماركات
دانكن دونتس,قهوة,حلى,حار,بارد,لاتيه,أمريكا,ماركات
ماكدونالدز,برجر,أكل,مطعم,أمريكا,برجر كنج,بيج ماك,ماركات
دومينوز بيتزا,مطعم,أكل,أمريكا,فرن,عجين,شريحة,ماركات
مايسترو بيتزا,مطعم,أكل,السعودية,فرن,عجين,شريحة,ماركات
جافا تايم,قهوة,دنكن,لاتيه,السعودية,كابوتشينو,ماكياتو,ماركات
برادا,عطور,أزياء,ملابس,هدايا,اكسسوارات,إيطاليا,ماركات
هارلي ديفيدسون,دباب,بيع,سيارة,طريق,سريع,صغير,ماركات
لنكد ان,موقع,توظيف,مقابلة,عمل,شركة,بحث,ماركات
بيربري,عطور,أزياء,ملابس,هدايا,اكسسوارات,بريطانيا,ماركات
كنتاكي,مطعم,دجاج,مقلي,هارديز,حمام,سبايسي,ماركات
أوبر,سيارة,توصيل,تطبيق,جوال,مشوار,كريم,ماركات
أرامكس,شركة,توصيل,طرد,شراء,لوكيشن,طلب,ماركات
دي اتش ال - DHL,شركة,توصيل,طرد,شراء,لوكيشن,طلب,ماركات
ديور,عطور,أزياء,ملابس,هدايا,اكسسوارات,فرنسا,ماركات
كيا,كوريا الجنوبية,سيارة,أوبتيما,عملية,اقتصادية,تويوتا,ماركات
بورش,سيارة,سريعة,ألمانيا,غالية,رياضية,بنزين,ماركات
أودي,سيارة,المانيا,بي ام دبليو,مرسيدس,فخم,غالي,ماركات
فورد,سيارة,أمريكا,فيوجن,اكسبديشن,تورس,أزرق,ماركات
لويس فيتون,عطور,أزياء,ملابس,هدايا,اكسسوارات,أيطاليا,ماركات
فيس بوك,موقع,تواصل اجتماعي,تعليق,نشر,أخبار,مارك زكربيرغ,ماركات
تويتر,موقع,تواصل اجتماعي,ريتويت,مشاهير,أخبار,السعودية,ماركات
مكتبة جرير,جوال,سماعة,ألعاب,مجرد,موقع,قراءة,ماركات
هرفي,مطعم,برجر,السعودية,تورتيلا,الطيبين,ماكدونالدز,ماركات
البيك,دجاج,مقلي,مطعم,السعودية,كنتاكي,ثوم,ماركات
العربية للعود,عطور,بخور,فروع,السعودية,رائحة,فحم,ماركات
باجة,فصفص,مكسرات,السعودية,قهوة,بن,تحميص,ماركات
قودي,شركة,منتجات,السعودية,معكرونة,جدة,العلالي,ماركات
ساكو,منتجات,حديقة,سيارة,مطبخ,أثاث,السعودية,ماركات
العثيم,سوبرماركت,منتجات,السعودية,تخفيض,عروض,مقاضي,ماركات
بنده,سوبرماركت,منتجات,السعودية,تخفيض,عروض,مقاضي,ماركات
د.كيف,قهوة,لاتيه,لاتيه,السعودية,كابوتشينو,ماكياتو,ماركات
البنك الأهلي,مصرف,فلوس,حساب,توفير,استثمار,حساب,ماركات
تلفاز 11,يوتيوب,أفلام,السعودية,برامج,علي الكلثمي,الخلاط,ماركات
نـتـفـلكـس,أفلام,مسلسلات,جوال,اشتراك,كمبيوتر,تفرج,الشاشة
طاش ما طاش,رمضان,ناصر القصبي,عبدالله السدحان,فيمتو,قديم,مسلسل,الشاشة
سبيس تون,أطفال,كرتون,كوكب,عدنا,مغامرات,زمردة,الشاشة
البروفيسور,بنك,مسلسل,اسبانيا,طوكيو,فلوس,سرقة,الشاشة
صراع العروش GOT,تنين,مسلسل,أمريكي,خليسي,قزم,ثلج,الشاشة
برنامج الحصن,مسابقات,يابان,مهاجمين,مدافعين,تاكيشي,هنيدي,الشاشة
مدرسة المشاغبين,عادل إمام,مسرح,سعيد صالح,ألوان,ابيض,فصل,الشاشة
طيور الجنة,قناة,اطفال,أغاني,عصومي و وليد,بابا,بندورة,الشاشة
فايز المالكي,مناحي,دنحي,تمثيل,السعودية,أبو راكان,تطوع,الشاشة
القناة السعودية الأولى,تلفزيون,بث,مسلسلات,برامج,غصب,أخبار,الشاشة
قناة ذكريات,قديم,السعودية,تلفزيون,بث,برامج,مسلسل,الشاشة
قناة وناسة,راشد الماجد,جلسات,طرب,أغاني,رقص,طرب,الشاشة
OSN,نتفلكس,أفلام,مسلسلات,أجنبية,اشتراك,أونلاين,الشاشة
الذيب في القليب,ناصر القصبي,مسرحية,موسم الرياض,جامعة الأميرة نورة,كوميدي,ضحك,الشاشة
مسلسل العاصوف,ناصر القصبي,مسلسل,رمضان,جهيمان,الحرم,الرياض,الشاشة
الحاج متولي,مصر,مسلسل,زواج,تعدد,نور الشريف,ماجدة زكي,الشاشة
باب الحارة,سوريا,مسلسل,رمضان,أبو عصام,العقيد,النمس,الشاشة
عادل إمام,الزعيم,ممثل,مصر,مدرسة المشاغبين,الواد سيد الشغال,كوميديا,الشاشة
أم كلثوم,غناء,طرب,كوكب الشرق,انت عمري,حب إيه,بعيد عنك,الشاشة
عبدالحليم حافظ,غناء,طرب,العندليب,جبار,سواح,مصر,الشاشة
Prison Break,مسلسل,سجن,سكوفيلد,بوروز,هروب,نتفلكس,الشاشة
محمد رمضان,غناء,راب,نمبر ون,الأسطورة,بم بم,مافيا,الشاشة
عمرو دياب,الهضبة,غناء,مصر,برج الحوت,دينا الشربيني,قمرين,الشاشة
عمرو أديب,مذيع,برنامج,مصر,لميس الحديدي,الحكاية,عماد أديب,الشاشة
مرتضى منصور,الزمالك,محامي,مصر,فضايح,الأهلي,تصاريح,الشاشة
فلم تايتانك,سفينة,بحر,قصة حب,غرق,أغنياء,فقراء,الشاشة
توم هانكس,ممثل,أمريكا,جزيرة,مطار,سياتل,نهر,الشاشة
براد بيت,ممثل,أمريكا,أوشن 11,أوسكار,أنجلينا جولي,جينيفير انيستون,الشاشة
جينيفر لورنس,ممثلة,أمريكا,هنقر قايمز,أوسكار,X-Men,شقراء,الشاشة
إيما واتسون,ممثلة,بريطانيا,هاري بوتر,سحر,إنجلترا,هيرمايني,الشاشة
مسلسل أفاتار,فلم,أزرق,أول فلم,3D,دخل,سينما,الشاشة
عبدالله السدحان,ممثل,طاش ما طاش,ناصر القصبي,أبو زنيفر,سعيدان,عبدالخالق الغانم,الشاشة
محمد عبده,أبو نورة,فنان العرب,مغني,مزهزهة,الأماكن,مطرب,الشاشة
راشد الماجد,السندباد,مغني,ألبوم,فنان,مشكلني,عود,الشاشة
تركي آل الشيخ,هيئة الترفيه,هيئة الرياضة,معالي,وزير,ألميريا,مستشار,الشاشة
محمد مشيع,يوتيوب,أطفال,مشاهدات,أنس,إيمان,فلوجر,الشاشة
منصور الرقيبة,سناب شات,مشهور,القصيم,تغطية,فيديو,حملات,الشاشة
يزيد الراجحي,سناب شات,راليات,الرفيعة,جان برجر,مشهور,القصيم,الشاشة
محمد عبدالعالي,كورونا,كوفيد 19,وزارة الصحة,مؤتمر,متحدث,توفيق الربيعة,الشاشة
فيحان,يوتيوب,أطفال,سنابشات,نظارة,الإتحاد,عطر,الشاشة
حسن الصبحان,تويتر,سناب شات,توقعات,صفر %,نتائج,مباريات,الشاشة
بدر صالح,يوتيوب,MBC,إيش اللي,كوميدي,شيب,مؤمن,الشاشة
صهيب قدس,يوتيوب,سناب شات,توب 5,كيس,الحصن,ممثل,الشاشة
سعودي ريبورتيرز,إخوان,يوتيوب,عبدالله,عبدالعزيز,يجي,خلود,الشاشة
برنامج خواطر,رمضان,أحمد الشقيري,إحسان,اليابان,تفكر,MBC,الشاشة
نشرة الأخبار,الأنباء,التاسعة,العربية,الجزيرة,قناة,مذيع,الشاشة
اللمبي,ممثل,شخصية,محمد سعد,عوكل,مصر,كوميدي,الشاشة
مسرحية العيال كبرت,يونس شلبي,سعيد صالح,الاطفال,مصر,كوميدي,عادل إمام,الشاشة
مصطفى الآغا,ام بي سي,صدى الملاعب,سوريا,كورة,مقدم,رياضة,الشاشة
جستن بيبر,سيلينا غوميز,مغني,أمريكا,مراهقة,مشهور,حفلة,الشاشة
ناصر القصبي,ممثل,طاش ما طاش,عبدالله السدحان,رمضان,السعودية,مسلسل,الشاشة
قناة صاحي,يوتيوب,السعودية,وليد الفراج,طقطقة,الدوري,هادي الشيباني,الشاشة
سيلينا جوميز,مغنية,أمريكا,جستن بيبر,ويكاند,مراهقة,جميلة,الشاشة
مسلسل هيروز,أبطال,قوى خارقة,طيران,شفاء,سفر عبر الزمن,سايلر,الشاشة
هاري بوتر,سلسلة افلام,كتب,دانيال رادكليف,دمبلدور,سحر,فولدمورت,الشاشة
ليوناردو دي كابريو,ممثل,أمريكا,أوسكار,تايتانيك,إنسيبشن,وول ستريت,الشاشة
بين افلاك,ممثل,أمريكا,بات مان,فلم,هوليود,آرقو,الشاشة
مطب صناعي,فيلم,أحمد حلمي,مصر,منة,عزت أبو عوف,كوميدي,الشاشة
زهايمر,فيلم,عادل إمام,كوميدي,نيللي كريم,مصر,نسيان,الشاشة
إكس لارج,أحمد حلمي,فيلم,مصر,دنيا سمير,السمنة,كوميدي,الشاشة
مسرح مصر,أشرف عبدالباقي,علي ربيع,حمدي الميرغني,كوميدي,ويزو,سكتشات,الشاشة
جينيفير انيستون,فريندز,رايتشل,ممثلة,أمريكا,براد بيت,روس,الشاشة
مرجان أحمد مرجان,فيلم,عادل إمام,مصر,كوميدي,دراسة,تخرج,الشاشة
حب في الزنزانة,فيلم,عادل إمام,سعاد حسني,مصر ,قديم,جريمة,الشاشة
كابتن أمريكا,فيلم,شخصية,كريس ايفانز,آيرون مان,ذا أفينجرز,أزرق,الشاشة
آيرون مان,فيلم,شخصية,روبيرت داوني,ذا افنجرز,ذا هولك,روبوت,الشاشة
شارلوك هولمز,خيال,محقق,فيلم,مسلسل,جريمة,بريطانيا,الشاشة
شباب البومب,مسلسل ,أتحداك,فيصل العيسى,سارة اليافعي,روتانا,يوتيوب,الشاشة
حياة الفهد,ممثلة,الكويت,دراما ,حزن,العولمة,MBC,الشاشة
طارق العلي,ممثل,المسرح,هيا الشعيبي,أحمد الفرج,بخيت,الكويت,الشاشة
داود حسين,ممثل,الكويت,قرقيعان,عبدالناصر درويش,المسرح,فوازير,الشاشة
عبدالحسين عبدالرضا,الكويت,ممثل,كوميدي,أبو الملايين,ناصر القصبي,أبو عدنان,الشاشة
يوسف الجراح,ممثل,طاش ما طاش,العميد,أسعد عمر,فوازير,ناصر القصبي,الشاشة
مسلسل العولمة,كوميدي,السعودية,حياة الفهد,بكر الشدي,محمد العيسى,فايز المالكي,الشاشة
بيني وبينك,مسلسل,رمضان,فايز المالكي,راشد الشمراني,حسن عسيري,كوميدي,الشاشة
برنامج  الثامنة,داود الشريان,قضايا,السعودية,MBC,قناة العربية,نقاش,الشاشة
وليد الفراج,مقدم,رياضة,MBC,ART,خالد الشنيف,محمد فودة,الشاشة
برنامج لقيمات,يوتيوب,عبدالمجيد الكناني,رفسة,انتقاد,مسلسل,سين,الشاشة
رامز جلال,مقالب,رمضان,ام بي سي,مشاهير,برنامج,مجنون,الشاشة
شيريهان,ممثلة,فوازير,مصر,شخصيات,رمضان,تلفزيون,الشاشة
مدرس المشاغبين,عادل إمام,سعيد صالح,مصر,يونس شلبي,أحمد زكي,أبيض و أسود,الشاشة
ليج أوف ليجندز,لعبة,جهاز,أونلاين,جيجي - جود جيم,أسطورة,دوري,الشاشة
بابا فرحان,كرتون,راس,جدو سرحان,أم الخير,عيد وسعيد,رمضان,الشاشة
توب 5,تلفاز11,صهيب قدس,فارس قدس,يوتيوب,السعودية,جدة,الشاشة
برنامج الخلاط,تلفاز11,علي الكلثمي,ابراهيم الخيرالله,برنامج,يوتيوب,مشعل الجاسر,الشاشة
فيلم تايتانك,كيت وينليت,بحر,سفينة,غرق,ليوناردو دي كابريو,حب,الشاشة
فيلم بركة يقابل بركة,فيلم,السعودية,سينما,هشام فقيه,مجتمع,فاطمة البنوي,الشاشة
فيلم مسامير,فيلم,السعودية,مالك نجر,كرتون,سلتوح,بطل,الشاشة
مناحي,فايز المالكي,مسلسل,فيلم,شخصية,بدوي,مطعم,الشاشة
برنامج التمساح,يوتيوب,إبراهيم الخيرالله,أشهر برنامج,مشاهير,صديق,سبسكرايب,الشاشة
ارابز جوت تالنت,برنامج,MBC,لجنة,مواهب,ناصر القصبي,نجوى كرم,الشاشة
نيتفلكس,فيلم,مسلسل,برنامج,انترنت,أمريكا,اشتراك,الشاشة
تيك توك,جوال,مقاطع,تطبيق,مشاهير,ترند,تصوير,الشاشة
سناب تشات,جوال,مقاطع,تطبيق,مشاهير,إعلان,تصوير,الشاشة
سبايدر مان,شخصية,بطل,عنكبوت,باتمان,فيلم,مسلسل,الشاشة
مشعل الجاسر,مخرج,السعودية,تلفاز 11,يوتيوب,أمريكا,فيلم,الشاشة
أوبراه وينفري,أمريكا,هوليود,مقدم,برنامج,جوائز,مشاهير,الشاشة
موديل روز,سنابشات,إعلان,أمريكا,السعودية,ماركات,كلاب,الشاشة
كبسة,رز,لحم,دجاج,الرومانسية,طبخ,مندي,أكلات ومطاعم
ماكدونالدز,برجر,بطاطس,هرفي,بيج تايستي,مطعم,فروع,أكلات ومطاعم
برجر,لحم,دجاج,خبز,بطاطس,بيبسي,كاتشب,أكلات ومطاعم
معصوب,موز,قشطة,عسل,خبز,فوال,عريكة,أكلات ومطاعم
فول,تميس,قلابة,جرة,فلافل,تاوة,كمون,أكلات ومطاعم
فلافل,حمص,بيض,صبة,فول,زيت,4 بريال,أكلات ومطاعم
مقلوبة,رز,خضار,قدر,دجاج,لحم,طبخ,أكلات ومطاعم
مطبق,بيض,فول,تميس,اليمن,حالي,مالح,أكلات ومطاعم
ستيك,لحم,شواء,فحم,طبخ,ريب آي,تندرلوين,أكلات ومطاعم
بطاطس مقلية ,قلي,برجر,بيبسي,كاتشب,مايونيز,دهون,أكلات ومطاعم
واجيو ستيك,لحم,شواء,فحم,طبخ,غالي,ريب آي,أكلات ومطاعم
بطاطس مهروسة ,خضار,طبق جانبي,ستيك,مطعم,حليب,دهون,أكلات ومطاعم
فوتوتشيني,مكرونة,إيطاليا,صوص,دجاج,مشروم,طبخ,أكلات ومطاعم
بيتزا,عجينة,فرن,إيطاليا,طماطم,دومينوز,مايسترو,أكلات ومطاعم
باستا,مكرونة,إيطاليا,صوص,دجاج,مشروم,طبخ,أكلات ومطاعم
سلطة الكينوا,مقبلات,صحي,تبولة,حمص,فتوش,وجبة,أكلات ومطاعم
تبولة,مقبلات,سلطة,بقدونس,طماطم,لبنان,سوريا,أكلات ومطاعم
فتوش,مقبلات,سلطة,خبز,دبس,لبنان,سوريا,أكلات ومطاعم
حمص,مقبلات,سلطة,خبز,شامي,لبنان,سوريا,أكلات ومطاعم
متبل,مقبلات,سلطة,خبز,شامي,لبنان,سوريا,أكلات ومطاعم
كبة,مقبلات,سلطة,خبز,شامي,لبنان,سوريا,أكلات ومطاعم
سمبوسة,رمضان,قلي,لحم,دجاج,جبن,مثلث,أكلات ومطاعم
تمر,رمضان,صوم,فطور,قشطة,قهوة,سكري,أكلات ومطاعم
لبن,شراب,حليب,بقر,أبيض,عيران,ابيض,أكلات ومطاعم
لقيمات,رمضان,حلى,قهوة,قلي,عجين,كورة,أكلات ومطاعم
تميس,خبز,فرن,فول,باكستان,مخبز,أفغانستان,أكلات ومطاعم
كراث,فلافل,القصيم,رائحة,بصل,ثوم,سلطة,أكلات ومطاعم
سوشي,سمك,يابان,ني,واسابي,صوص الصويا,رز,أكلات ومطاعم
أندومي,مكرونة,أندونيسيا,ماء,لذيذ,سريع,شعيرية,أكلات ومطاعم
شاورما,دجاج,ساندويتش,ثوم,ماما نورة,عشاء,خبز,أكلات ومطاعم
مايونيز,ثوم,أبيض,برجر,بطاطس,شاورما,كاتشب,أكلات ومطاعم
بروكلي,خضار,أكل,صحي,رجيم,دايت,شجرة,أكلات ومطاعم
سوبيا,رمضان,شراب,حجاز,مكة,جدة,شعير,أكلات ومطاعم
فيمتو,رمضان,فطور,إعلان,توت,تونو,أحمر,أكلات ومطاعم
بطيخ,حبحب,جح,رقي,أحمر,أخضر,كورة,أكلات ومطاعم
كاتشب,طماطم,بطاطس,أحمر,برجر,صوص,بيتزا,أكلات ومطاعم
رز بخاري,أكل,دجاج,شواية,رخيص,باكستان,جرجير,أكلات ومطاعم
كشري,مصر,شعبي,رخيص,رز,مكرونة,فول,أكلات ومطاعم
مثلوثة,سعودية,جريش,قرصان,رز,خروف,تيس,أكلات ومطاعم
الدراعة,موسم الرياض,تركي آل الشيخ,البوليفارد,هيئة الترفيه,المحروسة,ليالي عدن,أكلات ومطاعم
كوب ذرة,مول,عربة,6,بليلة,ليمون,زبدة,أكلات ومطاعم
مصقعة,باذنجان,فتة,طماطم,إدام,لحم,صينية,أكلات ومطاعم
لحم الواغيو,ستيك,بقرة,دجاج,جودة,غالي,يابان,أكلات ومطاعم
لحم مظبي,شوي,حجر,عسل,طحينة,اليمن,الجنوب,أكلات ومطاعم
لحم مندي,حفرة,طبخة,رز,ذبيحة,كشتة,الجنوب,أكلات ومطاعم
مفطح,ذبيحة,عزيمة,خروف,لحم,تيس,رز,أكلات ومطاعم
لحم مقلقل,اليمن,فطور,عشاء,كبدة,ملوح,فحسة,أكلات ومطاعم
بليلة,حمص,سيارة,بسطة,شطة,خل,كمون,أكلات ومطاعم
صيادية سمك,بحري,رز,بني,طحينة,هامور,شعور,أكلات ومطاعم
سليق طائفي,رز,حليب,كبدة,دقس,جريش,شطة,أكلات ومطاعم
تشيز كيك,حلى,جبنة,فاكتوري,فراولة,توت,بسكوت,أكلات ومطاعم
مطعم البيك,مسحب,بروست,ثوم,دجاج,جدة,حراق,أكلات ومطاعم
سلطة جرجير,بصل,دبس رمان,طماطم,سماق,خس,بلسمك,أكلات ومطاعم
مراصيع,عسل,سمن,بانكيك,صاج,حلى,دائرة,أكلات ومطاعم
بان كيك,دائرة,شيرة,فطور,آيهوب,وافل,زبدة,أكلات ومطاعم
وافل,بان كيك,فطور,بلجيكا,نوتيلا,مربع,شيرة,أكلات ومطاعم
ستيك,بقرة,لحم,شواء,ريب آي,طهي,أمريكا,أكلات ومطاعم
كوسة محشي,لحم مفروم,رز,خضار,مقورة,طماطم,إدام,أكلات ومطاعم
فول قلابة,عدس,تميس,فطور,مصر,جرة,زيت,أكلات ومطاعم
مناقيش,فطائر,زعتر,فرن,قشقوان,لبنان,سبانخ,أكلات ومطاعم
فطيرة زعتر,مناقيش,فرن,لبنة,كفتة,زيت,فلسطين,أكلات ومطاعم
جبنة موزيريلا,أصابع,بيتزا,مقلي,إيطاليا,مطاط,أبيض,أكلات ومطاعم
سلطة فواكه,تفاح,وعاء,برتقال,موز,خضروات,أناناس,أكلات ومطاعم
تميس بسكوت,ريالين,خبز,عيش,فول,سمن,أفغاني,أكلات ومطاعم
شاورما لحم,سيخ,دجاج,صاروخ,صاج,طحينة,بصل,أكلات ومطاعم
بسبوسة,سمبوسة,حلى,سميد,شيرة,لوز,فستق,أكلات ومطاعم
تيراميسو,حلى,بودرة,قهوة,شوكولاتة,إيطاليا,كريمة,أكلات ومطاعم
دانكن دونتس,قهوة,دائري,سكر,شوكولاتة,كرة,صباح,أكلات ومطاعم
سوفليه,حلى,شوكولاتة,ساخن,سائح,سكر,آيسكريم,أكلات ومطاعم
جريش,قرصان,السعودية,ثريد,مرقوق,مثلوثة,سليق,أكلات ومطاعم
قرصان,جريش,السعودية,مرقوق,مثلوثة,بر,خضار,أكلات ومطاعم
ورق عنب,زيت,رز,محشي,يبرق,سوريا,مقبلات,أكلات ومطاعم
زيت زيتون,فلسطين,عصرة,بكر,قلي,صحي,زعتر,أكلات ومطاعم
أوصال,لحم,شواء,كباب,شيش طاووق,سيخ,ريش,أكلات ومطاعم
شيش طاووق,دجاج,شواء,كباب,سيخ,أوصال,طاؤوس,أكلات ومطاعم
مشاوي,مشكل,كباب,أوصال,شيش طاووق,ريش,سيخ,أكلات ومطاعم
قرصان,جريش,السعودية,مرقوق,جزيرة الكنز,الكاريبي,جوني ديب,أكلات ومطاعم
عريكة,تمر,بر,قشطة,عسل,سمن,الجنوب,أكلات ومطاعم
كباب,أوصال,شيش طاووق,ريش,شواء,سمان,سيخ,أكلات ومطاعم
مرقوق,السعودية,خضار,لحم,بر,دقيق,جزر,أكلات ومطاعم
زعتر,زيت,فطيرة,مناقيش,لبنة,إفطار,جبنة,أكلات ومطاعم
رز,غداء,وجبة,ذبيحة,يومي,بسمتي,بنجابي,أكلات ومطاعم
طرب,مصر,مشاوي,أكلة,كفتة,شحم,كباب,أكلات ومطاعم
قهوة عربية,دلة,بن,مرة,مشروب,ساخن,هيل,أكلات ومطاعم
سينابون,قرفة,حلزوني,حلى,أمريكا,سياتل,سينزيو,أكلات ومطاعم
هريس,لحم,بر,زيت,سكر,عصيدة,سمن,أكلات ومطاعم
عصيدة,تمر,بر,سمن,سمسم,طحين,الشتاء,أكلات ومطاعم
خبز صامولي,الصومال,عيش,طويل,نقانق,هوت دوج,إفطار,أكلات ومطاعم
خبز توست,مربع,عيش,أمريكا,فرنسا,لوزين,بر,أكلات ومطاعم
دقيق,قمح,عجين,طحين,بودرة,أبيض,خبز,أكلات ومطاعم
ريش,أوصال,شيش طاووق,كباب,شواء,لحم,سيخ,أكلات ومطاعم
بروستد,البيك,كنتاكي,دجاج,ثوم,بقسماط,قلي,أكلات ومطاعم
عصير طبيعي,برتقال,مشروب,ليمون,كبس,لب,فواكه,أكلات ومطاعم
كسكسي,المغرب,مراكش,برغل,لحم,امرابط,طاجن,أكلات ومطاعم
سماق,بهارات,سلطة,زعتر,فتوش,أحمر,حمص,أكلات ومطاعم
برغل,تبولة,كسكسي,كينوا,صحي,أبيض,بقدونس,أكلات ومطاعم
نعناع,حبق,شاي,أخضر,ليمون,مقهى,لبتون,أكلات ومطاعم
حبق,نعناع,شاي,أخضر,ليمون,مقهى,ورق,أكلات ومطاعم
شاي,لبتون,قهوة,سيلان,أكياس,تلقيمة,إبريق,أكلات ومطاعم
زنجبيل,حليب,حار,عسل,حلق,علاج,ليمون,أكلات ومطاعم
بهارات,ملح,فلفل,كمون,كركم,الهند,إيطاليا,أكلات ومطاعم
لبن عيران,ناقة,مالح,حليب,رغوة,المراعي,نادك,أكلات ومطاعم
الماء,شرب,يومي,شفاف,طعم,نوفا,سر,أكلات ومطاعم
مربى,فراولة,مرطبان,فول سوداني,معقود,سكر,فواكه,أكلات ومطاعم
كنتاكي,بروستد,البيك,الجنرال,حراق,دجاج,شايب,أكلات ومطاعم
برجركنج,شواء,وابر,رويال,سريع,ماكدونالدز,الملك,أكلات ومطاعم
بيتزا هت,دومينوز,مايسترو,مارغيريتا,كوخ,بيبيروني,موزيريلا,أكلات ومطاعم
دومينوز بيتزا,بيتزا هت,مايسترو,مارغيريتا,ضومنة,بيبيروني,موزيريلا,أكلات ومطاعم
عهد الأصدقاء,كرتون,روميو,الفريدو,ميلان,المداخن,الذئاب,كرتون
بابار,كرتون,فيل,عائلة,حيوانات,سام,فليلة,كرتون
ماوكلي,كرتون,غابة,باقيرا,شيريخان,نمر,طرزان,كرتون
جزيرة الكنز,كرتون,سيلفر,ببغاء,سفينة,بحث,بنبو,كرتون
سالي,كرتون,مدرسة,آنسة منشن,بيتر,حزين,أسود,كرتون
دروب ريمي,كرتون,أمي,بنت,كلب,بحث,عروض,كرتون
ليدي,كرتون,حصان,فرس,سارة,ادوارد,ارثر,كرتون
فولترون,كرتون,شكلوا,الذراعين,القدمين,الرأس,ألوان,كرتون
النمر المقنع,كرتون,مصارع,حلبة,تامر,الفضاء,عزام,كرتون
توجوموري,كرتون,كونان,محقق,أب,ران,جرائم,كرتون
عمر (كابتن ماجد),كرتون,ماجد,أقرع,مدافع,يس,قدم,كرتون
هزيم الرعد,كرتون,فضاء,صراع,أبرقي,أرعدي,شاهين,كرتون
كوكب زمردة,كرتون,سبيس تون,بنات,قناة,اطفال,فتيات,كرتون
شيريخان,كرتون,ماوكلي,نمر,عين,باقيرا,غابة,كرتون
سندباد,كرتون,علاء الدين,ياسمينة,رحالة,سفينة,الف ليلة وليلة,كرتون
الرمية الملتهبة,كرتون,سامي,وائل,التشكيل الخماسي,رمية الفأس,صفوان,كرتون
داي الشجاع,كرتون,باران,طفل,الضربة القاضية,بؤرة الشر,بوب,كرتون
كوكب أكشن,كرتون,سبيس تون,إثارة,التحدي,الغموض,كونان,كرتون
أكاديمية الشرطة,كرتون,تنجح خطة,السجن,رجال عصابة,تفشل خطة,مجرم,كرتون
أنا وأخي,كرتون,سامي,وسيم,شوق,أمي,حزن,كرتون
سابق ولاحق,كرتون,سيارات,سباق,أخوان,مركبات,حلبة,كرتون
بينكي وبرين,كرتون,السيطرة,العالم,فأر,ابيض,مجرم,كرتون
جريندايزر,كرتون,دوق فليد,دايسكي,كوجي,الصحن الدوار,رعد الفضاء,كرتون
منير وأنور,كرتون,توأم,كرة قدم,ماجد,ضربة,جمباز,كرتون
عدنان ولينا,كرتون,نامق,عبسي,القبطان,المصاعب,اماني,كرتون
المحقق كونان,كرتون,توجوموري,جريمة,ران,سينشي كودو,قتل,كرتون
بوكيمون,كرتون,آش,تشارمندار,حيوانات,كرة,بيكاتشو,كرتون
سانشيرو,كرتون,جومارو,دمية,كمبيوتر,أرجوحة,كوروزاكي,كرتون
مدرسة الكونغ فو,كرتون,قتال,سامبي,كينتان,عجوز,هنكل,كرتون
ناروتو,انمي,ساسكي,شارينجان,كيوبي,راسينجان,نينجا,كرتون
بيكاتشو,كرتون,بوكيمون,أصفر,كهرباء,اش,تطور,كرتون
ضربة اكيلا,كرتون,رابح,كورة,كاترين,جوليان,سيزار,كرتون
بليتش,ايتشيغو,انمي,روكيا,موت,ارواح,شينيقامي,كرتون
ديث نوت,انمي,شياطين,كتاب,اسامي,قتل,حليب,كرتون
سلام دانك,انمي,سلة,فريق الصقور,حسان,رياضة,الوثبة,كرتون
فل ميتال الكاميست,انمي,ادوارد,الريك,الفونسو,حديد,يساوي,كرتون
دراغون بول,انمي,غوكو,سوبر سايان,كا مي ها مي ها,فيجيتا,كرة,كرتون
ون بنش مان,انمي,لكمة,سايتما,بطل,أصلع,هيرو,كرتون
هنتر اكس هنتر,انمي,جون,هيسوكا,جين,القناص,كيلوا,كرتون
الهجوم على العمالقة,انمي,ارين,جدار,ييغر,مسلح,جيش,كرتون
قرية التوت,كرتون,قديم,اطفال,جزرة,خضار,بصلة,كرتون
كابتن ماجد,كرنون,كرة قدم,يس,بسام,وليد,اليابان,كرتون
بي بليد,كرتون,بلبل,حلبة,دوران,التنين,الامل,كرتون
بينك بانثر,كرتون,النمر,وردي,حيوان,زهري,نحيف,كرتون
فلونة,كرتون,روبنسون,قديم,طفلة,بنت,الجزيرة,كرتون
جونقر,كرتون,انمي,آلي,أحمر,أزرق,يطير,كرتون
الرجل الحديدي,كرتون,لميس,كمال,الديناصور,همام,عرفان,كرتون
الليث الأبيض,كرتون,أسد,حيوان,غابة,أسود,سيمبا,كرتون
بشار,كرتون,نحلة,عسل,عمل,ازهار,انمي,كرتون
ايكوسان,كرتون,اصلع,ولد,طفل,يابان,قديم,كرتون
السباق الكبير,كرتون,سيارات,حلبة,الجمرة,الصغير,اطفال,كرتون
زورو,قناع,سيف,اسبانيا,دييغو,فقراء,لوليتا,كرتون
روبن هود,كرتون,اغنياء,ثعلب,فقراء,سرقة,الأصدقاء,كرتون
دورايمون,كرتون,جيب,عبقور,أي شي,أزرق,المستقبل,كرتون
كاليميرو,كرتون,كتكوت,دجاج,اسود,قشرة,بيضة,كرتون
هايدي,كرتون,سهول,جبال,بنت,قديم,دراما,كرتون
الصياد الصغير,كرتون,رامي,بحر,قارب,رياضة,سمك,كرتون
نصف بطل,كرتون,بيبسول,ضربة,رياضة,امريكا,كارلوس,كرتون
مدينة النخيل,كرتون,جميل,الهدوء,بلوط,علقم,حيوانات,كرتون
فروزن,كرتون,ثلج,ملكة,آنا,ديزني,اليسا,كرتون
نيمو,كرتون,فلم,بحر,ديزني,دوري,عبلة كامل,كرتون
ليلو و ستيتش,كرتون,ديزني,هاواي,وحش,606,فضاء,كرتون
موانا,كرتون,فلم,ديزني,هاواي,ليلو,جزيرة,كرتون
سندريلا,فلم,12 الليل,جزمة,سحر,خادمة,أمير,كرتون
تيمون,بومبا,نمس,خنزير,أسد,سيمبا,غابة,كرتون
سيمبا,رافيكي,موفاسا,أسد,تيمون,بومبا,سكار,كرتون
مولان,كرتون,فلم,ديزني,حرب,جيش,بنت,كرتون
ميكي ماوس,كرتون,ديزني,فار,بطوط,ميني,بندق,كرتون
رجل القناع,كرتون,فلم,أخضر,تحول,أصلع,جيم كيري,كرتون
شركة المرعبين المحدودة,ديزني,فلم,اطفال,وحش,مارد وشوشني,خوف,كرتون
ناروتو,انمي,نينجا,راسينغن,ساسكي,كيوبي,السابع,كرتون
ساسكي,ناروتو,اوتشيها,شارينجان,اتاتشي,ساكورا,شيدوري,كرتون
كاكاشي,ناروتو,كوبي نينجا,شارينجان,اوبيتو,ميناتو,قناع,كرتون
ميناتو,ناروتو,الهوكاغي الرابع,يالو فلاش,كيوبي,كاكاشي,جيرايا,كرتون
ساكورا,ناروتو,ساسكي,كاكاشي,زهري,تسونادي,فريق 7,كرتون
كيوبي,ناروتو,التاسع,ميناتو,ثعلب,جينشيروكي,اوبيتو,كرتون
اوتشيها مادارا,ناروتو,مانجيكيو شارينجان,ريننقان,هشاريما,كيوبي,اوبيتو,كرتون
فل ميتل الكاميست,ايدوارد,فيلاسوفير ستون,الفونسو,درع,توكا كوكا,التحول البشري,كرتون
ايدوارد اليريك,فل ميتل الكاميست,الفونسو,الكامي,اشقر,يد,هوينهايم,كرتون
الفونسو اليريك,فل ميتل الكاميست,ايدوارد,درع,بلا جسد,اشقر,هوينهايم,كرتون
روي موستانج,فل ميتل الكاميست,فلايم الكاميست,نار,قفاز,كولنيل,هوكاي,كرتون
كا مي ها مي ها,دراقون بول ,غوكو,غوهان,ماستر روشي,ضربة,ازرق,كرتون
بيكولو,دراقون بول ,ناميك,اخضر,غوكو,غوهان,بنفسجي,كرتون
غوكو,دراقون بول ,سوبر سايان بلو,كا مي ها مي ها,تشي تشي,غوهان,اشقر,كرتون
فيجيتا,دراقون بول ,سوبر سايان بلو,امير,بولما,ترنكس,فاينال فلاش,كرتون
فريزا,دراقون بول ,غوكو,فيجيتا,ترنكس,كوكب السايان,ذهبي,كرتون
اندرويد 18,دراقون بول ,كريلون,17,روبوت,شقراء,غوكو,كرتون
غوهان,دراقون بول ,غوكو,بيكولو,سيل,سوبرسايان,فيدال,كرتون
بولما,دراقون بول ,فيجيتا,ترنكس,ازرق,الة الزمن,جهاز تتبع,كرتون
ايتشيغو كوروساكي,بليتش,سيف,برتقالي,هولو,شينيغامي,روكيا,كرتون
روكيا كوتشيكي,بليتش,بياكيا,رينجي,اعدام,ثلج,سيف,كرتون
لوبن الثالث,انمي,حرامي,قرد,بدلة حمراء,سرقة,مجوهرات,كرتون
كيلوا زولدياك,هنتراكس هنتر,جون,قاتل محترف,فضي,ايلومي زودياك,القناص,كرتون
كورابيكا,هنتر اكس هنتر,عصابة العنكبوت,جون,عيون حمراء,سلاسل,نين,كرتون
سينشي كودو,المحقق كونان,ران,العصابة السوداء,شارلوك هولمز,تقلص الحجم,الدكتور أغاسا,كرتون
المنظمة السوداء,المحقق كونان,جين,مشروبات كحولية,جرائم,سينشي كودو,رام,كرتون
عصابة أكاتسكي,ناروتو,اوتشيها اوبيتو,باين,ايتاتشي,البيجو,رداء اسود,كرتون
كروكو نو باسكت,انمي,كرة سلة,اختفاء,فانتوم شوت,جيل المعجزات,أزرق,كرتون